日付,氏名,所属店舗,シフト区分,備考
2026/08/01,桑原和裕,総括G,休日,
2026/08/02,桑原和裕,総括G,出勤,
2026/08/03,桑原和裕,総括G,休日,
2026/08/04,桑原和裕,総括G,出勤,
2026/08/05,桑原和裕,総括G,出勤,
2026/08/06,桑原和裕,総括G,出勤,
2026/08/07,桑原和裕,総括G,出勤,
2026/08/08,桑原和裕,総括G,出勤,
2026/08/09,桑原和裕,総括G,出勤,
2026/08/10,桑原和裕,総括G,休日,全社指定一斉休暇
2026/08/11,桑原和裕,総括G,休日,全社指定一斉休暇
2026/08/12,桑原和裕,総括G,休日,全社指定一斉休暇
2026/08/13,桑原和裕,総括G,休日,全社指定一斉休暇
2026/08/14,桑原和裕,総括G,休日,全社指定一斉休暇
2026/08/15,桑原和裕,総括G,休日,全社指定一斉休暇
2026/08/16,桑原和裕,総括G,休日,全社指定一斉休暇
2026/08/17,桑原和裕,総括G,休日,全社指定一斉休暇
2026/08/18,桑原和裕,総括G,休日,全社指定一斉休暇
2026/08/19,桑原和裕,総括G,出勤,全社指定一斉休暇
2026/08/20,桑原和裕,総括G,出勤,全社指定一斉休暇
2026/08/21,桑原和裕,総括G,出勤,全社指定一斉休暇
2026/08/22,桑原和裕,総括G,出勤,全社指定一斉休暇
2026/08/23,桑原和裕,総括G,出勤,全社指定一斉休暇
2026/08/24,桑原和裕,総括G,出勤,
2026/08/25,桑原和裕,総括G,休日,
2026/08/26,桑原和裕,総括G,午前/午後半休,
2026/08/27,桑原和裕,総括G,出勤,
2026/08/28,桑原和裕,総括G,出勤,
2026/08/29,桑原和裕,総括G,出勤,
2026/08/30,桑原和裕,総括G,休日,
2026/08/31,桑原和裕,総括G,出勤,
2026/08/01,佐藤耕次,総括G,出勤,
2026/08/02,佐藤耕次,総括G,出勤,
2026/08/03,佐藤耕次,総括G,出勤,
2026/08/04,佐藤耕次,総括G,出勤,
2026/08/05,佐藤耕次,総括G,出勤,
2026/08/06,佐藤耕次,総括G,出勤,
2026/08/07,佐藤耕次,総括G,出勤,
2026/08/08,佐藤耕次,総括G,出勤,
2026/08/09,佐藤耕次,総括G,有給休暇,
2026/08/10,佐藤耕次,総括G,休日,全社指定一斉休暇
2026/08/11,佐藤耕次,総括G,休日,全社指定一斉休暇
2026/08/12,佐藤耕次,総括G,休日,全社指定一斉休暇
2026/08/13,佐藤耕次,総括G,休日,全社指定一斉休暇
2026/08/14,佐藤耕次,総括G,休日,全社指定一斉休暇
2026/08/15,佐藤耕次,総括G,休日,全社指定一斉休暇
2026/08/16,佐藤耕次,総括G,休日,全社指定一斉休暇
2026/08/17,佐藤耕次,総括G,休日,全社指定一斉休暇
2026/08/18,佐藤耕次,総括G,休日,全社指定一斉休暇
2026/08/19,佐藤耕次,総括G,出勤,全社指定一斉休暇
2026/08/20,佐藤耕次,総括G,出勤,全社指定一斉休暇
2026/08/21,佐藤耕次,総括G,出勤,全社指定一斉休暇
2026/08/22,佐藤耕次,総括G,休日,全社指定一斉休暇
2026/08/23,佐藤耕次,総括G,休日,全社指定一斉休暇
2026/08/24,佐藤耕次,総括G,休日,
2026/08/25,佐藤耕次,総括G,休日,
2026/08/26,佐藤耕次,総括G,出勤,
2026/08/27,佐藤耕次,総括G,出勤,
2026/08/28,佐藤耕次,総括G,休日,
2026/08/29,佐藤耕次,総括G,出勤,
2026/08/30,佐藤耕次,総括G,出勤,
2026/08/31,佐藤耕次,総括G,出勤,
2026/08/01,足立正道,総括G,午前/午後半休,
2026/08/02,足立正道,総括G,有給休暇,
2026/08/03,足立正道,総括G,休日,
2026/08/04,足立正道,総括G,出勤,
2026/08/05,足立正道,総括G,出勤,
2026/08/06,足立正道,総括G,休日,
2026/08/07,足立正道,総括G,出勤,
2026/08/08,足立正道,総括G,出勤,
2026/08/09,足立正道,総括G,出勤,
2026/08/10,足立正道,総括G,休日,全社指定一斉休暇
2026/08/11,足立正道,総括G,休日,全社指定一斉休暇
2026/08/12,足立正道,総括G,休日,全社指定一斉休暇
2026/08/13,足立正道,総括G,休日,全社指定一斉休暇
2026/08/14,足立正道,総括G,休日,全社指定一斉休暇
2026/08/15,足立正道,総括G,休日,全社指定一斉休暇
2026/08/16,足立正道,総括G,休日,全社指定一斉休暇
2026/08/17,足立正道,総括G,休日,全社指定一斉休暇
2026/08/18,足立正道,総括G,休日,全社指定一斉休暇
2026/08/19,足立正道,総括G,出勤,全社指定一斉休暇
2026/08/20,足立正道,総括G,出勤,全社指定一斉休暇
2026/08/21,足立正道,総括G,出勤,全社指定一斉休暇
2026/08/22,足立正道,総括G,出勤,全社指定一斉休暇
2026/08/23,足立正道,総括G,出勤,全社指定一斉休暇
2026/08/24,足立正道,総括G,出勤,
2026/08/25,足立正道,総括G,出勤,
2026/08/26,足立正道,総括G,休日,
2026/08/27,足立正道,総括G,出勤,
2026/08/28,足立正道,総括G,出勤,
2026/08/29,足立正道,総括G,休日,
2026/08/30,足立正道,総括G,出勤,
2026/08/31,足立正道,総括G,出勤,
2026/08/01,坂本幸夫,総括G,出勤,
2026/08/02,坂本幸夫,総括G,出勤,
2026/08/03,坂本幸夫,総括G,出勤,
2026/08/04,坂本幸夫,総括G,休日,
2026/08/05,坂本幸夫,総括G,出勤,
2026/08/06,坂本幸夫,総括G,出勤,
2026/08/07,坂本幸夫,総括G,出勤,
2026/08/08,坂本幸夫,総括G,休日,
2026/08/09,坂本幸夫,総括G,出勤,
2026/08/10,坂本幸夫,総括G,休日,全社指定一斉休暇
2026/08/11,坂本幸夫,総括G,休日,全社指定一斉休暇
2026/08/12,坂本幸夫,総括G,休日,全社指定一斉休暇
2026/08/13,坂本幸夫,総括G,休日,全社指定一斉休暇
2026/08/14,坂本幸夫,総括G,休日,全社指定一斉休暇
2026/08/15,坂本幸夫,総括G,休日,全社指定一斉休暇
2026/08/16,坂本幸夫,総括G,休日,全社指定一斉休暇
2026/08/17,坂本幸夫,総括G,休日,全社指定一斉休暇
2026/08/18,坂本幸夫,総括G,休日,全社指定一斉休暇
2026/08/19,坂本幸夫,総括G,出勤,全社指定一斉休暇
2026/08/20,坂本幸夫,総括G,出勤,全社指定一斉休暇
2026/08/21,坂本幸夫,総括G,出勤,全社指定一斉休暇
2026/08/22,坂本幸夫,総括G,出勤,全社指定一斉休暇
2026/08/23,坂本幸夫,総括G,出勤,全社指定一斉休暇
2026/08/24,坂本幸夫,総括G,出勤,
2026/08/25,坂本幸夫,総括G,休日,
2026/08/26,坂本幸夫,総括G,出勤,
2026/08/27,坂本幸夫,総括G,出勤,
2026/08/28,坂本幸夫,総括G,休日,
2026/08/29,坂本幸夫,総括G,休日,
2026/08/30,坂本幸夫,総括G,出勤,
2026/08/31,坂本幸夫,総括G,出勤,
2026/08/01,杉山和彦,横浜店,出勤,
2026/08/02,杉山和彦,横浜店,出勤,
2026/08/03,杉山和彦,横浜店,休日,
2026/08/04,杉山和彦,横浜店,出勤,
2026/08/05,杉山和彦,横浜店,出勤,
2026/08/06,杉山和彦,横浜店,休日,
2026/08/07,杉山和彦,横浜店,出勤,
2026/08/08,杉山和彦,横浜店,出勤,
2026/08/09,杉山和彦,横浜店,出勤,
2026/08/10,杉山和彦,横浜店,休日,全社指定一斉休暇
2026/08/11,杉山和彦,横浜店,休日,全社指定一斉休暇
2026/08/12,杉山和彦,横浜店,休日,全社指定一斉休暇
2026/08/13,杉山和彦,横浜店,休日,全社指定一斉休暇
2026/08/14,杉山和彦,横浜店,休日,全社指定一斉休暇
2026/08/15,杉山和彦,横浜店,休日,全社指定一斉休暇
2026/08/16,杉山和彦,横浜店,休日,全社指定一斉休暇
2026/08/17,杉山和彦,横浜店,休日,全社指定一斉休暇
2026/08/18,杉山和彦,横浜店,休日,全社指定一斉休暇
2026/08/19,杉山和彦,横浜店,出勤,全社指定一斉休暇
2026/08/20,杉山和彦,横浜店,有休,全社指定一斉休暇
2026/08/21,杉山和彦,横浜店,出勤,全社指定一斉休暇
2026/08/22,杉山和彦,横浜店,休日,全社指定一斉休暇
2026/08/23,杉山和彦,横浜店,出勤,全社指定一斉休暇
2026/08/24,杉山和彦,横浜店,有給休暇,
2026/08/25,杉山和彦,横浜店,休日,
2026/08/26,杉山和彦,横浜店,研修,
2026/08/27,杉山和彦,横浜店,休日,
2026/08/28,杉山和彦,横浜店,休日,
2026/08/29,杉山和彦,横浜店,出勤,
2026/08/30,杉山和彦,横浜店,出勤,
2026/08/31,杉山和彦,横浜店,出勤,
2026/08/01,福原泰弘,横浜店,出勤,
2026/08/02,福原泰弘,横浜店,出勤,
2026/08/03,福原泰弘,横浜店,休日,
2026/08/04,福原泰弘,横浜店,出勤,
2026/08/05,福原泰弘,横浜店,出勤,
2026/08/06,福原泰弘,横浜店,出勤,
2026/08/07,福原泰弘,横浜店,休日,
2026/08/08,福原泰弘,横浜店,出勤,
2026/08/09,福原泰弘,横浜店,出勤,
2026/08/10,福原泰弘,横浜店,休日,全社指定一斉休暇
2026/08/11,福原泰弘,横浜店,休日,全社指定一斉休暇
2026/08/12,福原泰弘,横浜店,休日,全社指定一斉休暇
2026/08/13,福原泰弘,横浜店,休日,全社指定一斉休暇
2026/08/14,福原泰弘,横浜店,休日,全社指定一斉休暇
2026/08/15,福原泰弘,横浜店,休日,全社指定一斉休暇
2026/08/16,福原泰弘,横浜店,休日,全社指定一斉休暇
2026/08/17,福原泰弘,横浜店,休日,全社指定一斉休暇
2026/08/18,福原泰弘,横浜店,休日,全社指定一斉休暇
2026/08/19,福原泰弘,横浜店,出勤,全社指定一斉休暇
2026/08/20,福原泰弘,横浜店,出勤,全社指定一斉休暇
2026/08/21,福原泰弘,横浜店,出勤,全社指定一斉休暇
2026/08/22,福原泰弘,横浜店,出勤,全社指定一斉休暇
2026/08/23,福原泰弘,横浜店,出勤,全社指定一斉休暇
2026/08/24,福原泰弘,横浜店,休日,
2026/08/25,福原泰弘,横浜店,出勤,
2026/08/26,福原泰弘,横浜店,出勤,
2026/08/27,福原泰弘,横浜店,休日,
2026/08/28,福原泰弘,横浜店,休日,
2026/08/29,福原泰弘,横浜店,出勤,
2026/08/30,福原泰弘,横浜店,出勤,
2026/08/31,福原泰弘,横浜店,出勤,
2026/08/01,水野一也,横浜店,出勤,
2026/08/02,水野一也,横浜店,出勤,
2026/08/03,水野一也,横浜店,休日,
2026/08/04,水野一也,横浜店,午前/午後半休,
2026/08/05,水野一也,横浜店,出勤,
2026/08/06,水野一也,横浜店,出勤,
2026/08/07,水野一也,横浜店,出勤,
2026/08/08,水野一也,横浜店,出勤,
2026/08/09,水野一也,横浜店,出勤,
2026/08/10,水野一也,横浜店,休日,全社指定一斉休暇
2026/08/11,水野一也,横浜店,休日,全社指定一斉休暇
2026/08/12,水野一也,横浜店,休日,全社指定一斉休暇
2026/08/13,水野一也,横浜店,休日,全社指定一斉休暇
2026/08/14,水野一也,横浜店,休日,全社指定一斉休暇
2026/08/15,水野一也,横浜店,休日,全社指定一斉休暇
2026/08/16,水野一也,横浜店,休日,全社指定一斉休暇
2026/08/17,水野一也,横浜店,休日,全社指定一斉休暇
2026/08/18,水野一也,横浜店,休日,全社指定一斉休暇
2026/08/19,水野一也,横浜店,出勤,全社指定一斉休暇
2026/08/20,水野一也,横浜店,出勤,全社指定一斉休暇
2026/08/21,水野一也,横浜店,出勤,全社指定一斉休暇
2026/08/22,水野一也,横浜店,出勤,全社指定一斉休暇
2026/08/23,水野一也,横浜店,出勤,全社指定一斉休暇
2026/08/24,水野一也,横浜店,休日,
2026/08/25,水野一也,横浜店,出勤,
2026/08/26,水野一也,横浜店,出勤,
2026/08/27,水野一也,横浜店,出勤,
2026/08/28,水野一也,横浜店,出勤,
2026/08/29,水野一也,横浜店,出勤,
2026/08/30,水野一也,横浜店,出勤,
2026/08/31,水野一也,横浜店,休日,
2026/08/01,木村 駿,横浜店,休日,
2026/08/02,木村 駿,横浜店,出勤,
2026/08/03,木村 駿,横浜店,出勤,
2026/08/04,木村 駿,横浜店,休日,
2026/08/05,木村 駿,横浜店,出勤,
2026/08/06,木村 駿,横浜店,出勤,
2026/08/07,木村 駿,横浜店,有給休暇,
2026/08/08,木村 駿,横浜店,有給休暇,
2026/08/09,木村 駿,横浜店,有給休暇,
2026/08/10,木村 駿,横浜店,休日,全社指定一斉休暇
2026/08/11,木村 駿,横浜店,休日,全社指定一斉休暇
2026/08/12,木村 駿,横浜店,休日,全社指定一斉休暇
2026/08/13,木村 駿,横浜店,休日,全社指定一斉休暇
2026/08/14,木村 駿,横浜店,休日,全社指定一斉休暇
2026/08/15,木村 駿,横浜店,休日,全社指定一斉休暇
2026/08/16,木村 駿,横浜店,休日,全社指定一斉休暇
2026/08/17,木村 駿,横浜店,休日,全社指定一斉休暇
2026/08/18,木村 駿,横浜店,休日,全社指定一斉休暇
2026/08/19,木村 駿,横浜店,出勤,全社指定一斉休暇
2026/08/20,木村 駿,横浜店,出勤,全社指定一斉休暇
2026/08/21,木村 駿,横浜店,出勤,全社指定一斉休暇
2026/08/22,木村 駿,横浜店,出勤,全社指定一斉休暇
2026/08/23,木村 駿,横浜店,出勤,全社指定一斉休暇
2026/08/24,木村 駿,横浜店,出勤,
2026/08/25,木村 駿,横浜店,出勤,
2026/08/26,木村 駿,横浜店,出勤,
2026/08/27,木村 駿,横浜店,有給休暇,
2026/08/28,木村 駿,横浜店,休日,
2026/08/29,木村 駿,横浜店,出勤,
2026/08/30,木村 駿,横浜店,出勤,
2026/08/31,木村 駿,横浜店,休日,
2026/08/01,杉山恭平,横浜店,休日,
2026/08/02,杉山恭平,横浜店,出勤,
2026/08/03,杉山恭平,横浜店,出勤,
2026/08/04,杉山恭平,横浜店,休日,
2026/08/05,杉山恭平,横浜店,出勤,
2026/08/06,杉山恭平,横浜店,出勤,
2026/08/07,杉山恭平,横浜店,休日,
2026/08/08,杉山恭平,横浜店,出勤,
2026/08/09,杉山恭平,横浜店,出勤,
2026/08/10,杉山恭平,横浜店,休日,全社指定一斉休暇
2026/08/11,杉山恭平,横浜店,休日,全社指定一斉休暇
2026/08/12,杉山恭平,横浜店,休日,全社指定一斉休暇
2026/08/13,杉山恭平,横浜店,休日,全社指定一斉休暇
2026/08/14,杉山恭平,横浜店,休日,全社指定一斉休暇
2026/08/15,杉山恭平,横浜店,休日,全社指定一斉休暇
2026/08/16,杉山恭平,横浜店,休日,全社指定一斉休暇
2026/08/17,杉山恭平,横浜店,休日,全社指定一斉休暇
2026/08/18,杉山恭平,横浜店,休日,全社指定一斉休暇
2026/08/19,杉山恭平,横浜店,出勤,全社指定一斉休暇
2026/08/20,杉山恭平,横浜店,出勤,全社指定一斉休暇
2026/08/21,杉山恭平,横浜店,出勤,全社指定一斉休暇
2026/08/22,杉山恭平,横浜店,出勤,全社指定一斉休暇
2026/08/23,杉山恭平,横浜店,出勤,全社指定一斉休暇
2026/08/24,杉山恭平,横浜店,出勤,
2026/08/25,杉山恭平,横浜店,出勤,
2026/08/26,杉山恭平,横浜店,有給休暇,
2026/08/27,杉山恭平,横浜店,休日,
2026/08/28,杉山恭平,横浜店,出勤,
2026/08/29,杉山恭平,横浜店,出勤,
2026/08/30,杉山恭平,横浜店,出勤,
2026/08/31,杉山恭平,横浜店,出勤,
2026/08/01,内田 巧,横浜店,出勤,
2026/08/02,内田 巧,横浜店,出勤,
2026/08/03,内田 巧,横浜店,出勤,
2026/08/04,内田 巧,横浜店,休日,
2026/08/05,内田 巧,横浜店,休日,
2026/08/06,内田 巧,横浜店,出勤,
2026/08/07,内田 巧,横浜店,出勤,
2026/08/08,内田 巧,横浜店,出勤,
2026/08/09,内田 巧,横浜店,出勤,
2026/08/10,内田 巧,横浜店,休日,全社指定一斉休暇
2026/08/11,内田 巧,横浜店,休日,全社指定一斉休暇
2026/08/12,内田 巧,横浜店,休日,全社指定一斉休暇
2026/08/13,内田 巧,横浜店,休日,全社指定一斉休暇
2026/08/14,内田 巧,横浜店,休日,全社指定一斉休暇
2026/08/15,内田 巧,横浜店,休日,全社指定一斉休暇
2026/08/16,内田 巧,横浜店,休日,全社指定一斉休暇
2026/08/17,内田 巧,横浜店,休日,全社指定一斉休暇
2026/08/18,内田 巧,横浜店,休日,全社指定一斉休暇
2026/08/19,内田 巧,横浜店,出勤,全社指定一斉休暇
2026/08/20,内田 巧,横浜店,出勤,全社指定一斉休暇
2026/08/21,内田 巧,横浜店,出勤,全社指定一斉休暇
2026/08/22,内田 巧,横浜店,出勤,全社指定一斉休暇
2026/08/23,内田 巧,横浜店,出勤,全社指定一斉休暇
2026/08/24,内田 巧,横浜店,休日,
2026/08/25,内田 巧,横浜店,休日,
2026/08/26,内田 巧,横浜店,出勤,
2026/08/27,内田 巧,横浜店,出勤,
2026/08/28,内田 巧,横浜店,休日,
2026/08/29,内田 巧,横浜店,組合行事,
2026/08/30,内田 巧,横浜店,出勤,
2026/08/31,内田 巧,横浜店,出勤,
2026/08/01,千葉征英,横浜店,出勤,
2026/08/02,千葉征英,横浜店,出勤,
2026/08/03,千葉征英,横浜店,休日,
2026/08/04,千葉征英,横浜店,出勤,
2026/08/05,千葉征英,横浜店,出勤,
2026/08/06,千葉征英,横浜店,出勤,
2026/08/07,千葉征英,横浜店,出勤,
2026/08/08,千葉征英,横浜店,休日,
2026/08/09,千葉征英,横浜店,出勤,
2026/08/10,千葉征英,横浜店,休日,全社指定一斉休暇
2026/08/11,千葉征英,横浜店,休日,全社指定一斉休暇
2026/08/12,千葉征英,横浜店,休日,全社指定一斉休暇
2026/08/13,千葉征英,横浜店,休日,全社指定一斉休暇
2026/08/14,千葉征英,横浜店,休日,全社指定一斉休暇
2026/08/15,千葉征英,横浜店,休日,全社指定一斉休暇
2026/08/16,千葉征英,横浜店,休日,全社指定一斉休暇
2026/08/17,千葉征英,横浜店,休日,全社指定一斉休暇
2026/08/18,千葉征英,横浜店,休日,全社指定一斉休暇
2026/08/19,千葉征英,横浜店,出勤,全社指定一斉休暇
2026/08/20,千葉征英,横浜店,出勤,全社指定一斉休暇
2026/08/21,千葉征英,横浜店,出勤,全社指定一斉休暇
2026/08/22,千葉征英,横浜店,出勤,全社指定一斉休暇
2026/08/23,千葉征英,横浜店,休日,全社指定一斉休暇
2026/08/24,千葉征英,横浜店,休日,
2026/08/25,千葉征英,横浜店,休日,
2026/08/26,千葉征英,横浜店,出勤,
2026/08/27,千葉征英,横浜店,出勤,
2026/08/28,千葉征英,横浜店,出勤,
2026/08/29,千葉征英,横浜店,休日,
2026/08/30,千葉征英,横浜店,有給休暇,
2026/08/31,千葉征英,横浜店,出勤,
2026/08/01,古石 翔,横浜店,出勤,
2026/08/02,古石 翔,横浜店,出勤,
2026/08/03,古石 翔,横浜店,休日,
2026/08/04,古石 翔,横浜店,休日,
2026/08/05,古石 翔,横浜店,休日,
2026/08/06,古石 翔,横浜店,出勤,
2026/08/07,古石 翔,横浜店,出勤,
2026/08/08,古石 翔,横浜店,出勤,
2026/08/09,古石 翔,横浜店,出勤,
2026/08/10,古石 翔,横浜店,休日,全社指定一斉休暇
2026/08/11,古石 翔,横浜店,休日,全社指定一斉休暇
2026/08/12,古石 翔,横浜店,休日,全社指定一斉休暇
2026/08/13,古石 翔,横浜店,休日,全社指定一斉休暇
2026/08/14,古石 翔,横浜店,休日,全社指定一斉休暇
2026/08/15,古石 翔,横浜店,休日,全社指定一斉休暇
2026/08/16,古石 翔,横浜店,休日,全社指定一斉休暇
2026/08/17,古石 翔,横浜店,休日,全社指定一斉休暇
2026/08/18,古石 翔,横浜店,休日,全社指定一斉休暇
2026/08/19,古石 翔,横浜店,出勤,全社指定一斉休暇
2026/08/20,古石 翔,横浜店,有休,全社指定一斉休暇
2026/08/21,古石 翔,横浜店,出勤,全社指定一斉休暇
2026/08/22,古石 翔,横浜店,出勤,全社指定一斉休暇
2026/08/23,古石 翔,横浜店,出勤,全社指定一斉休暇
2026/08/24,古石 翔,横浜店,有給休暇,
2026/08/25,古石 翔,横浜店,出勤,
2026/08/26,古石 翔,横浜店,出勤,
2026/08/27,古石 翔,横浜店,出勤,
2026/08/28,古石 翔,横浜店,休日,
2026/08/29,古石 翔,横浜店,出勤,
2026/08/30,古石 翔,横浜店,出勤,
2026/08/31,古石 翔,横浜店,休日,
2026/08/01,小出達人,東名川崎店,特別休暇,
2026/08/02,小出達人,東名川崎店,特別休暇,
2026/08/03,小出達人,東名川崎店,出勤,
2026/08/04,小出達人,東名川崎店,休日,
2026/08/05,小出達人,東名川崎店,出勤,
2026/08/06,小出達人,東名川崎店,出勤,
2026/08/07,小出達人,東名川崎店,出勤,
2026/08/08,小出達人,東名川崎店,出勤,
2026/08/09,小出達人,東名川崎店,出勤,
2026/08/10,小出達人,東名川崎店,休日,全社指定一斉休暇
2026/08/11,小出達人,東名川崎店,休日,全社指定一斉休暇
2026/08/12,小出達人,東名川崎店,休日,全社指定一斉休暇
2026/08/13,小出達人,東名川崎店,休日,全社指定一斉休暇
2026/08/14,小出達人,東名川崎店,休日,全社指定一斉休暇
2026/08/15,小出達人,東名川崎店,休日,全社指定一斉休暇
2026/08/16,小出達人,東名川崎店,休日,全社指定一斉休暇
2026/08/17,小出達人,東名川崎店,休日,全社指定一斉休暇
2026/08/18,小出達人,東名川崎店,休日,全社指定一斉休暇
2026/08/19,小出達人,東名川崎店,出勤,全社指定一斉休暇
2026/08/20,小出達人,東名川崎店,出勤,全社指定一斉休暇
2026/08/21,小出達人,東名川崎店,休日,全社指定一斉休暇
2026/08/22,小出達人,東名川崎店,出勤,全社指定一斉休暇
2026/08/23,小出達人,東名川崎店,出勤,全社指定一斉休暇
2026/08/24,小出達人,東名川崎店,出勤,
2026/08/25,小出達人,東名川崎店,休日,
2026/08/26,小出達人,東名川崎店,出勤,
2026/08/27,小出達人,東名川崎店,出勤,
2026/08/28,小出達人,東名川崎店,休日,
2026/08/29,小出達人,東名川崎店,出勤,
2026/08/30,小出達人,東名川崎店,出勤,
2026/08/31,小出達人,東名川崎店,休日,
2026/08/01,小堀健太,東名川崎店,出勤,
2026/08/02,小堀健太,東名川崎店,出勤,
2026/08/03,小堀健太,東名川崎店,出勤,
2026/08/04,小堀健太,東名川崎店,休日,
2026/08/05,小堀健太,東名川崎店,出勤,
2026/08/06,小堀健太,東名川崎店,出勤,
2026/08/07,小堀健太,東名川崎店,休日,
2026/08/08,小堀健太,東名川崎店,出勤,
2026/08/09,小堀健太,東名川崎店,出勤,
2026/08/10,小堀健太,東名川崎店,休日,全社指定一斉休暇
2026/08/11,小堀健太,東名川崎店,休日,全社指定一斉休暇
2026/08/12,小堀健太,東名川崎店,休日,全社指定一斉休暇
2026/08/13,小堀健太,東名川崎店,休日,全社指定一斉休暇
2026/08/14,小堀健太,東名川崎店,休日,全社指定一斉休暇
2026/08/15,小堀健太,東名川崎店,休日,全社指定一斉休暇
2026/08/16,小堀健太,東名川崎店,休日,全社指定一斉休暇
2026/08/17,小堀健太,東名川崎店,休日,全社指定一斉休暇
2026/08/18,小堀健太,東名川崎店,休日,全社指定一斉休暇
2026/08/19,小堀健太,東名川崎店,出勤,全社指定一斉休暇
2026/08/20,小堀健太,東名川崎店,有休,全社指定一斉休暇
2026/08/21,小堀健太,東名川崎店,出勤,全社指定一斉休暇
2026/08/22,小堀健太,東名川崎店,出勤,全社指定一斉休暇
2026/08/23,小堀健太,東名川崎店,出勤,全社指定一斉休暇
2026/08/24,小堀健太,東名川崎店,有給休暇,
2026/08/25,小堀健太,東名川崎店,出勤,
2026/08/26,小堀健太,東名川崎店,出勤,
2026/08/27,小堀健太,東名川崎店,休日,
2026/08/28,小堀健太,東名川崎店,休日,
2026/08/29,小堀健太,東名川崎店,出勤,
2026/08/30,小堀健太,東名川崎店,出勤,
2026/08/31,小堀健太,東名川崎店,出勤,
2026/08/01,湯川弘道,厚木店,出勤,
2026/08/02,湯川弘道,厚木店,出勤,
2026/08/03,湯川弘道,厚木店,出勤,
2026/08/04,湯川弘道,厚木店,休日,
2026/08/05,湯川弘道,厚木店,出勤,
2026/08/06,湯川弘道,厚木店,出勤,
2026/08/07,湯川弘道,厚木店,休日,
2026/08/08,湯川弘道,厚木店,出勤,
2026/08/09,湯川弘道,厚木店,出勤,
2026/08/10,湯川弘道,厚木店,休日,全社指定一斉休暇
2026/08/11,湯川弘道,厚木店,休日,全社指定一斉休暇
2026/08/12,湯川弘道,厚木店,休日,全社指定一斉休暇
2026/08/13,湯川弘道,厚木店,休日,全社指定一斉休暇
2026/08/14,湯川弘道,厚木店,休日,全社指定一斉休暇
2026/08/15,湯川弘道,厚木店,休日,全社指定一斉休暇
2026/08/16,湯川弘道,厚木店,休日,全社指定一斉休暇
2026/08/17,湯川弘道,厚木店,休日,全社指定一斉休暇
2026/08/18,湯川弘道,厚木店,休日,全社指定一斉休暇
2026/08/19,湯川弘道,厚木店,休日,全社指定一斉休暇
2026/08/20,湯川弘道,厚木店,休日,全社指定一斉休暇
2026/08/21,湯川弘道,厚木店,休日,全社指定一斉休暇
2026/08/22,湯川弘道,厚木店,休日,全社指定一斉休暇
2026/08/23,湯川弘道,厚木店,休日,全社指定一斉休暇
2026/08/24,湯川弘道,厚木店,出勤,
2026/08/25,湯川弘道,厚木店,出勤,
2026/08/26,湯川弘道,厚木店,出勤,
2026/08/27,湯川弘道,厚木店,休日,
2026/08/28,湯川弘道,厚木店,出勤,
2026/08/29,湯川弘道,厚木店,休日,
2026/08/30,湯川弘道,厚木店,出勤,
2026/08/31,湯川弘道,厚木店,休日,
2026/08/01,岡本正博,厚木店,出勤,
2026/08/02,岡本正博,厚木店,出勤,
2026/08/03,岡本正博,厚木店,休日,
2026/08/04,岡本正博,厚木店,出勤,
2026/08/05,岡本正博,厚木店,出勤,
2026/08/06,岡本正博,厚木店,休日,
2026/08/07,岡本正博,厚木店,出勤,
2026/08/08,岡本正博,厚木店,出勤,
2026/08/09,岡本正博,厚木店,出勤,
2026/08/10,岡本正博,厚木店,休日,全社指定一斉休暇
2026/08/11,岡本正博,厚木店,休日,全社指定一斉休暇
2026/08/12,岡本正博,厚木店,休日,全社指定一斉休暇
2026/08/13,岡本正博,厚木店,休日,全社指定一斉休暇
2026/08/14,岡本正博,厚木店,休日,全社指定一斉休暇
2026/08/15,岡本正博,厚木店,休日,全社指定一斉休暇
2026/08/16,岡本正博,厚木店,休日,全社指定一斉休暇
2026/08/17,岡本正博,厚木店,休日,全社指定一斉休暇
2026/08/18,岡本正博,厚木店,休日,全社指定一斉休暇
2026/08/19,岡本正博,厚木店,出勤,全社指定一斉休暇
2026/08/20,岡本正博,厚木店,出勤,全社指定一斉休暇
2026/08/21,岡本正博,厚木店,出勤,全社指定一斉休暇
2026/08/22,岡本正博,厚木店,出勤,全社指定一斉休暇
2026/08/23,岡本正博,厚木店,有休,全社指定一斉休暇
2026/08/24,岡本正博,厚木店,有給休暇,
2026/08/25,岡本正博,厚木店,休日,
2026/08/26,岡本正博,厚木店,出勤,
2026/08/27,岡本正博,厚木店,出勤,
2026/08/28,岡本正博,厚木店,休日,
2026/08/29,岡本正博,厚木店,出勤,
2026/08/30,岡本正博,厚木店,出勤,
2026/08/31,岡本正博,厚木店,休日,
2026/08/01,小松佑輔,厚木店,出勤,
2026/08/02,小松佑輔,厚木店,出勤,
2026/08/03,小松佑輔,厚木店,有給休暇,
2026/08/04,小松佑輔,厚木店,休日,
2026/08/05,小松佑輔,厚木店,出勤,
2026/08/06,小松佑輔,厚木店,休日,
2026/08/07,小松佑輔,厚木店,出勤,
2026/08/08,小松佑輔,厚木店,出勤,
2026/08/09,小松佑輔,厚木店,出勤,
2026/08/10,小松佑輔,厚木店,休日,全社指定一斉休暇
2026/08/11,小松佑輔,厚木店,休日,全社指定一斉休暇
2026/08/12,小松佑輔,厚木店,休日,全社指定一斉休暇
2026/08/13,小松佑輔,厚木店,休日,全社指定一斉休暇
2026/08/14,小松佑輔,厚木店,休日,全社指定一斉休暇
2026/08/15,小松佑輔,厚木店,休日,全社指定一斉休暇
2026/08/16,小松佑輔,厚木店,休日,全社指定一斉休暇
2026/08/17,小松佑輔,厚木店,休日,全社指定一斉休暇
2026/08/18,小松佑輔,厚木店,休日,全社指定一斉休暇
2026/08/19,小松佑輔,厚木店,出勤,全社指定一斉休暇
2026/08/20,小松佑輔,厚木店,出勤,全社指定一斉休暇
2026/08/21,小松佑輔,厚木店,出勤,全社指定一斉休暇
2026/08/22,小松佑輔,厚木店,出勤,全社指定一斉休暇
2026/08/23,小松佑輔,厚木店,出勤,全社指定一斉休暇
2026/08/24,小松佑輔,厚木店,休日,
2026/08/25,小松佑輔,厚木店,出勤,
2026/08/26,小松佑輔,厚木店,出勤,
2026/08/27,小松佑輔,厚木店,休日,
2026/08/28,小松佑輔,厚木店,休日,
2026/08/29,小松佑輔,厚木店,出勤,
2026/08/30,小松佑輔,厚木店,出勤,
2026/08/31,小松佑輔,厚木店,出勤,
2026/08/01,關 雄弥,厚木店,出勤,
2026/08/02,關 雄弥,厚木店,出勤,
2026/08/03,關 雄弥,厚木店,出勤,
2026/08/04,關 雄弥,厚木店,休日,
2026/08/05,關 雄弥,厚木店,有給休暇,
2026/08/06,關 雄弥,厚木店,有給休暇,
2026/08/07,關 雄弥,厚木店,休日,
2026/08/08,關 雄弥,厚木店,出勤,
2026/08/09,關 雄弥,厚木店,出勤,
2026/08/10,關 雄弥,厚木店,休日,全社指定一斉休暇
2026/08/11,關 雄弥,厚木店,休日,全社指定一斉休暇
2026/08/12,關 雄弥,厚木店,休日,全社指定一斉休暇
2026/08/13,關 雄弥,厚木店,休日,全社指定一斉休暇
2026/08/14,關 雄弥,厚木店,休日,全社指定一斉休暇
2026/08/15,關 雄弥,厚木店,休日,全社指定一斉休暇
2026/08/16,關 雄弥,厚木店,休日,全社指定一斉休暇
2026/08/17,關 雄弥,厚木店,休日,全社指定一斉休暇
2026/08/18,關 雄弥,厚木店,休日,全社指定一斉休暇
2026/08/19,關 雄弥,厚木店,出勤,全社指定一斉休暇
2026/08/20,關 雄弥,厚木店,出勤,全社指定一斉休暇
2026/08/21,關 雄弥,厚木店,出勤,全社指定一斉休暇
2026/08/22,關 雄弥,厚木店,休日,全社指定一斉休暇
2026/08/23,關 雄弥,厚木店,休日,全社指定一斉休暇
2026/08/24,關 雄弥,厚木店,休日,
2026/08/25,關 雄弥,厚木店,出勤,
2026/08/26,關 雄弥,厚木店,休日,
2026/08/27,關 雄弥,厚木店,出勤,
2026/08/28,關 雄弥,厚木店,出勤,
2026/08/29,關 雄弥,厚木店,休日,
2026/08/30,關 雄弥,厚木店,出勤,
2026/08/31,關 雄弥,厚木店,出勤,
